{
  "test/integration/pages/RisksObjectPage-dbg.js": 1720478719686,
  "manifest.json": 1720479841517,
  "test/integration/pages/RisksList.js": 1720478719686,
  "test/integration/opaTests.qunit.js": 1720478719666,
  "test/integration/FirstJourney.js": 1720478719754,
  "test/testsuite.qunit.js": 1720478719658,
  "xs-app.json": 1720481276148,
  "test/integration/pages/RisksObjectPage.js": 1720478719686,
  "Component.js": 1720478719586,
  "test/integration/FirstJourney-dbg.js": 1720478719754,
  "test/integration/FirstJourney.js.map": 1720481295233,
  "test/integration/opaTests.qunit-dbg.js": 1720478719666,
  "test/integration/opaTests.qunit.js.map": 1720481295246,
  "test/integration/pages/RisksList-dbg.js": 1720478719686,
  "test/integration/pages/RisksList.js.map": 1720481295233,
  "test/testsuite.qunit-dbg.js": 1720478719658,
  "test/testsuite.qunit.js.map": 1720481295229,
  "i18n/i18n.properties": 1720478755517,
  "test/integration/pages/RisksObjectPage.js.map": 1720481295235,
  "Component-dbg.js": 1720478719586,
  "Component.js.map": 1720481295236,
  "Component-preload.js": 1720481295704,
  "Component-preload.js.map": 1720481295705,
  "test/integration/opaTests.qunit.html": 1720478719666,
  "test/testsuite.qunit.html": 1720478719642,
  "test/flpSandbox.html": 1720478719642,
  "index.html": 1720478719590
}