{
  "Component.js": 1720478720000,
  "test/testsuite.qunit.js": 1720478720000,
  "test/integration/pages/RisksList.js": 1720478720000,
  "test/integration/opaTests.qunit.js": 1720478720000,
  "test/integration/FirstJourney.js": 1720478720000,
  "test/integration/pages/RisksObjectPage.js": 1720478720000,
  "xs-app.json": 1720891395623,
  "manifest.json": 1720479842000,
  "i18n/i18n.properties": 1720478756000,
  "test/integration/pages/RisksObjectPage-dbg.js": 1720478720000,
  "test/integration/pages/RisksObjectPage.js.map": 1720891415167,
  "test/integration/pages/RisksList-dbg.js": 1720478720000,
  "test/integration/pages/RisksList.js.map": 1720891415196,
  "test/integration/opaTests.qunit-dbg.js": 1720478720000,
  "test/integration/opaTests.qunit.js.map": 1720891415181,
  "test/integration/FirstJourney-dbg.js": 1720478720000,
  "test/integration/FirstJourney.js.map": 1720891415195,
  "test/testsuite.qunit-dbg.js": 1720478720000,
  "test/testsuite.qunit.js.map": 1720891415172,
  "Component-dbg.js": 1720478720000,
  "Component.js.map": 1720891415181,
  "Component-preload.js": 1720891415283,
  "Component-preload.js.map": 1720891415283,
  "test/integration/opaTests.qunit.html": 1720478720000,
  "test/testsuite.qunit.html": 1720478720000,
  "test/flpSandbox.html": 1720478720000,
  "index.html": 1720478720000
}